{
    "Authorization": "Bearer <ACCESS_TOKEN>",
    "id": "a2a161c9-a7ff-47e7-9b70-4bf4a83bcb90",
    "from_identity": "8d8b1ea6-52b7-4bbc-89b0-f7604422dffd",
    "to_identity": "a2a161c9-a7ff-47e7-9b70-4bf4a83bcb90",
    "type": "/identities/{version}/{id}/links?type=Owner",
    "fromId": "fc3bced4-a132-4293-9240-4d0f02277e2e",
    "linkContext": "https://standards.oftrust.net/v1/Context/Link/BelongsTo/",
    "identityContext": "https://standards.oftrust.net/v1/Context/Identity/Device/Sensor/",
    "linkDirection": "IN",
    "maxDepth": "2",
    "offset": "10",
    "limit": "20"
}