{
  "status": "201",
  "body": {
  "@context": "https://standards.lifeengine.io/v1/Context/Link/Role/MemberOf",
  "@type": "MemberOf",
  "@id": "cf0862f6-3f4f-498f-97f1-fbe8b5734448",
  "from": "58dc29ab-d52e-4aab-a228-9b54e001797c",
  "to": "cf0862f6-3f4f-498f-97f1-fbe8b5734448",
  "data": {},
  "metadata": {
    "createdBy": "cf0862f6-3f4f-498f-97f1-fbe8b5734448",
    "updatedBy": "cf0862f6-3f4f-498f-97f1-fbe8b5734448",
    "createdAt": "2018-02-28T16:41:41.090Z",
    "updatedAt": "2018-02-28T16:41:41.090Z"
  }
}

}