{
  "status": "200",
  "body": {
  "@context": "https://standards.lifeengine.io/v1/Context/Calendar",
  "@type": "Event",
  "@id": "c9620d09-cd83-476e-91f5-3f3ea730f4b9",
  "toIdentity": "0920a84a-1548-4644-b95d-e3f80e1b9ca6",
  "title": "April's fools day",
  "startDate": "2019-04-01T12:00:00+02:00",
  "endDate": "2019-04-01T16:00:00+02:00",
  "repeats": "R5/2019-04-01T12:00:00+02:00/P1Y",
  "content": "April fool's event, held on the courtyard.",
  "location": "Courtyard at Teststreet 12",
  "cc": [],
  "createdAt": "2019-01-10T12:00:00Z",
  "updatedAt": "2019-01-10T12:00:00Z",
  "createdBy": "58422496-5796-4c47-a4a1-88768ea94ea6"
}

}