{
  "status": "200",
  "body": {
  "@context": "https://standards.lifeengine.io/v1/Context/Identity/Group",
  "@type": "Group",
  "@id": "58dc29ab-d52e-4aab-a228-9b54e001797c",
  "data": {
    "name": "Company Oy"
  },
  "metadata": {
    "createdBy": "cf0862f6-3f4f-498f-97f1-fbe8b5734448",
    "updatedBy": "cf0862f6-3f4f-498f-97f1-fbe8b5734448",
    "createdAt": "2018-02-28T16:41:41.090Z",
    "updatedAt": "2018-02-28T16:41:41.090Z"
  },
  "inLinks": [
    {
      "@context": "https://standards.lifeengine.io/v1/Context/Link/Role/MemberOf",
      "@type": "MemberOf",
      "@id": "cf0862f6-3f4f-498f-97f1-fbe8b5734448",
      "from": "58dc29ab-d52e-4aab-a228-9b54e001797c",
      "to": "cf0862f6-3f4f-498f-97f1-fbe8b5734448",
      "data": {},
      "metadata": {
        "createdBy": "cf0862f6-3f4f-498f-97f1-fbe8b5734448",
        "updatedBy": "cf0862f6-3f4f-498f-97f1-fbe8b5734448",
        "createdAt": "2018-02-28T16:41:41.090Z",
        "updatedAt": "2018-02-28T16:41:41.090Z"
      }
    }
  ],
  "outLinks": [
    {
      "@context": "https://standards.lifeengine.io/v1/Context/Link/Role/MemberOf",
      "@type": "MemberOf",
      "@id": "cb40ce78-d3b3-442a-9db7-66f191698b2a",
      "from": "cf0862f6-3f4f-498f-97f1-fbe8b5734448",
      "to": "58dc29ab-d52e-4aab-a228-9b54e001797c",
      "data": {},
      "metadata": {
        "createdBy": "cf0862f6-3f4f-498f-97f1-fbe8b5734448",
        "updatedBy": "cf0862f6-3f4f-498f-97f1-fbe8b5734448",
        "createdAt": "2018-02-28T16:41:41.090Z",
        "updatedAt": "2018-02-28T16:41:41.090Z"
      }
    }
  ]
}

}